Cell Line Name,Primary Disease,"RNAi (Achilles+DRIVE+Marcotte, DEMETER2)",Expression 22Q1 Public
NIHOVCAR3,Ovarian Cancer,-0.5455751734,5.939931765
KASUMI2,Leukemia,-0.5302456235,6.562547724
SKMEL5,Skin Cancer,-0.3876490514,5.822730148
PECAPJ41CLONED2,Head and Neck Cancer,-0.1478039731,3.404630684
NCIH1838,Lung Cancer,-0.1661901299,5.021479727
JHH5,Liver Cancer,0.004733242709,5.720278465
PECAPJ49,Head and Neck Cancer,-0.2155367463,4.098453246
SNU601,Gastric Cancer,-0.08385538404,4.508428653
NCIH2066,Lung Cancer,-0.5518454517,
GB1,Brain Cancer,-0.2186176108,5.011227255
A253,Head and Neck Cancer,-0.3575207008,4.607626221
UBLC1,Bladder Cancer,-0.1356566327,5.111865964
NCIH1623,Lung Cancer,-0.6819024406,4.95419631
GSS,Gastric Cancer,-0.335214934,5.294988268
NCIH1703,Lung Cancer,-0.6730643901,5.027242536
SJSA1,Bone Cancer,-0.1307761798,5.315783575
DMS273,Lung Cancer,-0.3190942637,4.676944359
HEPG2,Liver Cancer,-0.1943008729,5.171927354
LOXIMVI,Skin Cancer,-0.442734495,5.063934306
TE14,Esophageal Cancer,-0.06696200467,4.775577361
HT1376,Bladder Cancer,-0.3227464317,4.617063344
HCC1395,Breast Cancer,-0.2768852739,5.393690764
NCIH2882,Lung Cancer,0.0156106312,4.252476214
RMUGS,Ovarian Cancer,-0.04430447366,3.965322548
OAW42,Ovarian Cancer,0.03253934053,5.301587647
EKVX,Lung Cancer,-0.4409241944,5.16711703
KMRC2,Kidney Cancer,0.342793462,3.678071905
NCIH854,Lung Cancer,-0.332467528,5.322649262
HCC202,Breast Cancer,-0.4091282886,5.847746417
JIMT1,Breast Cancer,-0.07134979731,3.518535139
CAOV3,Ovarian Cancer,-0.2563257619,4.786596362
COLO680N,Esophageal Cancer,-0.05890044375,5.622344723
NCIH2291,Lung Cancer,-0.2397644056,4.799605422
RMGI,Ovarian Cancer,-0.1328835309,2.881664619
TCCSUP,Bladder Cancer,-0.2120764735,4.618238656
HMC18,Breast Cancer,-0.6977516888,4.788685711
SNUC1,Colon/Colorectal Cancer,-0.5850011527,4.351204277
HCC1833,Lung Cancer,-1.451869965,5.155425432
NCIH196,Lung Cancer,-0.05209808465,5.40053793
JMSU1,Bladder Cancer,-0.04293582783,4.604664415
HCC2218,Breast Cancer,-0.9001945748,5.161081482
SHP77,Lung Cancer,-0.2086273554,4.928844037
BFTC909,Kidney Cancer,-0.2157326597,4.523561956
KATOIII,Gastric Cancer,-0.4091068823,4.493775408
BICR22,Head and Neck Cancer,-0.5565745516,3.705977902
HS695T,Skin Cancer,-0.467444073,5.111865964
NCIH446,Lung Cancer,-0.3780044258,5.602884409
NB1,Neuroblastoma,-0.04423823607,5.407692649
A2058,Skin Cancer,-0.2087177782,4.788685711
COLO679,Skin Cancer,-0.5089306963,4.7322692
KYSE410,Esophageal Cancer,-0.0196236348,4.603477988
SKMEL30,Skin Cancer,-0.6998757646,4.90014226
SKOV3,Ovarian Cancer,-0.3125532387,5.106013238
COLO783,Skin Cancer,-0.2314177934,5.075532631
HS939T,Skin Cancer,-0.4090532631,5.250961574
RPMI8226,Myeloma,-0.2676553707,4.85847839
BT483,Breast Cancer,-0.5172454241,5.563463237
SNU738,Brain Cancer,-0.03283111916,4.341985747
NCIH2126,Lung Cancer,-0.5970233969,5.305240966
KYSE70,Esophageal Cancer,-0.3356622478,4.278728213
CAMA1,Breast Cancer,-0.7445592727,5.324810603
GI1,Brain Cancer,0.0428403445,5.302319051
MDAMB175VII,Breast Cancer,-0.6745212691,4.484782623
LNZ308,Brain Cancer,-0.2254291066,4.538538164
YD38,Head and Neck Cancer,-0.2192670899,4.458775699
MM1S,Myeloma,-0.1040915907,5.111448698
WM983B,Skin Cancer,-0.4380679031,4.752748591
NCIH1648,Lung Cancer,-0.09291696243,5.09212285
NCIH526,Lung Cancer,0.2305128291,5.919340082
MDAMB231,Breast Cancer,-0.1879788321,4.43162296
LK2,Lung Cancer,-0.3357309102,4.824258697
BICR56,Head and Neck Cancer,-0.2636390554,3.805292456
RERFLCAD2,Lung Cancer,-0.3889523745,3.890446693
KYSE30,Esophageal Cancer,-0.1003891167,5.263785614
HSC3,Head and Neck Cancer,-0.1238048599,4.106013238
NCIH1105,Lung Cancer,-0.269015939,5.695993813
NCIH2023,Lung Cancer,-0.4273250798,4.71918344
SEM,Leukemia,-0.3919669527,5.868884273
DMS53,Lung Cancer,-0.4483382799,5.564683017
A3KAW,Lymphoma,-0.2666288424,5.381629467
OVCAR8,Ovarian Cancer,-0.243134387,5.145269857
TE9,Esophageal Cancer,-0.1193694429,5.362119167
LN235,Brain Cancer,0.04788865034,4.627023106
BC3C,Bladder Cancer,0.02236466638,4.209453366
LN229,Brain Cancer,-0.1980564304,5.211790976
HCC827GR,Lung Cancer,-0.1528494378,
TTC709,Rhabdoid,-0.5018581791,5.331991778
PATU8902,Pancreatic Cancer,-0.3840715268,4.843983844
SLR26,Kidney Cancer,-0.1964517945,4.380590934
NCIH1437,Lung Cancer,-0.03749257672,4.82374936
TE6,Esophageal Cancer,-0.3808149723,5.492494152
COV644,Ovarian Cancer,-0.2304818454,3.285402219
SF126,Brain Cancer,-0.1289695773,4.768184325
RVH421,Skin Cancer,-0.4430294173,4.280213996
SKMEL28,Skin Cancer,-0.4894627081,4.454175893
OVCAR4,Ovarian Cancer,-0.1552167297,3.399171094
JHH1,Liver Cancer,-0.3262933138,4.760753208
MDAMB157,Breast Cancer,-0.5857953452,5.790511412
KYM1,Rhabdoid,-0.4151145911,5.517275693
NCIH1975,Lung Cancer,-0.2245319633,4.941575862
NCIH1876,Lung Cancer,-0.2523002776,6.556429415
EPLC272H,Lung Cancer,-0.07414737437,4.19298317
AML193,Leukemia,-0.3191892736,5.542877099
A172,Brain Cancer,-0.1715834854,4.845991771
NCIH1836,Lung Cancer,-0.2069908223,5.806066226
ECC10,Gastric Cancer,-0.1741704797,5.701271802
TDOTT,Esophageal Cancer,-0.5128274969,5.292045492
EBC1,Lung Cancer,-0.2910634331,5.145269857
UACC812,Breast Cancer,-0.3503342504,4.809414444
YKG1,Brain Cancer,-0.2358554591,5.249824549
T98G,Brain Cancer,-0.2686567519,4.832890014
G361,Skin Cancer,-0.5957395048,5.46139759
MDAMB436,Breast Cancer,-0.3185196701,4.139142019
FUOV1,Ovarian Cancer,-0.407360944,5.608513578
HCC364,Lung Cancer,-0.5134624347,4.929317595
KMS27,Myeloma,-0.6452367129,4.428946345
UACC257,Skin Cancer,-0.4396117433,4.79753184
C32,Skin Cancer,-0.649814459,4.718087584
COLO741,Skin Cancer,-0.5329774494,4.679761574
KNS42,Brain Cancer,-0.3202762239,5.582857035
LN18,Brain Cancer,-0.02144715064,5.514437914
HCC1806,Breast Cancer,-0.1842217295,4.72955277
LCLC103H,Lung Cancer,-0.2964692055,4.35614381
KMS18,Myeloma,-0.3130095593,
WM1799,Skin Cancer,-0.5624625541,4.751142325
CORL23,Lung Cancer,-0.07425997488,4.665620164
SKMES1,Lung Cancer,-0.4430171685,5.42693562
HCC44,Lung Cancer,-0.3606575224,4.549053029
SBC5,Lung Cancer,-1.21650943,5.195741293
HUH6,Liver Cancer,-0.11463533,4.267535798
A2780,Ovarian Cancer,-0.6312212944,5.597531174
IALM,Lung Cancer,-0.3791424634,5.601993581
SW1573,Lung Cancer,-0.2105629502,4.895302621
SW948,Colon/Colorectal Cancer,-0.4782521513,4.79753184
A549,Lung Cancer,-0.1128064957,4.702657543
KMRC1,Kidney Cancer,0.1072795553,3.177917792
L33,Pancreatic Cancer,-0.3754652245,5.088311236
OV7,Ovarian Cancer,-0.4536108932,4.100977648
HCC2814,Lung Cancer,-0.29256601,5.149340669
LN464,Brain Cancer,-0.2805337735,4.608809243
SF268,Brain Cancer,0.008303531482,3.832890014
JJN3,Myeloma,-0.3075158376,5.150965784
SUIT2,Pancreatic Cancer,-0.1422701665,4.61999983
IOMMLEE,Brain Cancer,-0.01041419934,4.595145568
YD8,Head and Neck Cancer,-0.3023801193,5.315421316
KS1,Brain Cancer,-0.3542971832,5.128458384
HS944T,Skin Cancer,-0.2607857043,4.718087584
FU97,Gastric Cancer,-1.023811913,4.320484678
LN340,Brain Cancer,-0.1067212704,5.488322191
KYSE520,Esophageal Cancer,-0.1447982036,5.126807703
NCIH441,Lung Cancer,-0.3918438567,5.557348818
NCIH211,Lung Cancer,-0.5840802731,6.302867361
CMK,Leukemia,-0.3164031993,5.842224613
HDQP1,Breast Cancer,0.116159714,4.22650853
COLO829,Skin Cancer,-0.4357838258,4.593353771
JL1,Lung Cancer,-0.1788095519,4.296457407
NCIH28,Lung Cancer,0.2099534012,5.108942569
786O,Kidney Cancer,-0.2091121503,4.362469889
IGR37,Skin Cancer,-0.6233264003,3.959770155
SW620,Colon/Colorectal Cancer,-0.3222317792,5.503984704
HEP3B217,Liver Cancer,-0.2840344747,5.511910749
SW403,Colon/Colorectal Cancer,-0.6139572422,4.951867504
KYSE140,Esophageal Cancer,-0.1356415911,4.748461233
KYSE510,Esophageal Cancer,-0.1018107542,4.263785614
LC1SQSF,Lung Cancer,-0.2406930672,5.366322214
MKL1,Skin Cancer,-0.411854278,
MKL2,Skin Cancer,-0.2321093299,
MONOMAC1,Leukemia,-0.3813597034,5.057883449
PETA,Skin Cancer,-0.2954756517,
RCC4,Kidney Cancer,-0.1125917889,
SJRH30,Sarcoma,-0.6670924305,
KP1N,Pancreatic Cancer,-0.2686805787,
SKMEL2,Skin Cancer,-0.2222571115,4.838951767
SMSCTR,Sarcoma,0.007927041705,4.378511623
SNB19,Brain Cancer,-0.1748249284,
SUMB002,Brain Cancer,-0.05322682118,5.314333994
TTC549,Rhabdoid,-0.2984785653,5.56163163
WM2664,Skin Cancer,-0.5473692914,4.705425039
YMB1,Breast Cancer,-1.206234339,
127399,Sarcoma,-0.1207228534,4.503348735
SKNEP1,Bone Cancer,-0.3588742852,5.516645558
KD,Rhabdoid,-0.05670026025,4.98230913
JR,Sarcoma,-0.4444027426,4.146492307
HRT18,Colon/Colorectal Cancer,-0.04987423775,
BT16,Rhabdoid,-0.3878994044,4.241840184
CMK115,Leukemia,-0.3413088055,5.044394119
COLO205,Colon/Colorectal Cancer,-0.5370684896,
COLO699,Lung Cancer,-0.5898211573,5.483815777
COLO704,Ovarian Cancer,-0.3777445319,
COV504,Ovarian Cancer,0.1595451594,5.162290614
CW9019,Sarcoma,-0.1055323693,5.447248569
D384,Brain Cancer,0.01375061424,
D425,Brain Cancer,0.01586402934,4.548436625
D458,Brain Cancer,0.1123824419,4.821199978
D556,Brain Cancer,-0.05198854167,
EVSAT,Breast Cancer,0.3006130932,
NCIH292,Lung Cancer,-0.320101822,4.509062386
HELA,Cervical Cancer,-0.4148136229,4.963936452
HK2,Engineered,-0.2636647023,
HLC1,Lung Cancer,-0.5135986691,
HLE,Liver Cancer,-0.1599318154,
FUJI,Sarcoma,-0.7535616449,
AZ521,Gastric Cancer,-0.5489657813,
SYO1,Sarcoma,-0.5939856643,4.862947248
8505C,Thyroid Cancer,-0.1761087262,4.813011549
HSSYII,Sarcoma,-0.6733576481,
OCUBM,Breast Cancer,0.1271643822,
184A1,Breast Cancer,0.1304086418,
600MPE,Breast Cancer,-0.1167030837,
HBL100,Unknown,-0.394479095,
HCC2185,Breast Cancer,-0.1784816556,
HCC2688,Breast Cancer,-0.7157390633,
OMM1,Eye Cancer,-0.515408751,5.472487771
HCC3153,Breast Cancer,0.02526300542,
MACLS2,Breast Cancer,-0.3180261563,
MCF12A,Breast Cancer,0.05716427372,
MX1,Breast Cancer,-0.4207501116,
SKBR5,Breast Cancer,-0.9022398183,
SKBR7,Breast Cancer,-0.1910255878,
ZR75B,Breast Cancer,-1.065973478,
GISTT1,Colon/Colorectal Cancer,-0.4094768119,
LY2,Breast Cancer,-0.06462252199,
MEL285,Eye Cancer,0.0198017391,4.391630262
184B5,Non-Cancerous,-0.1038835526,
SW527,Colon/Colorectal Cancer,0.3156640976,
PLCPRF5,Liver Cancer,-0.6215708712,5.048759312
MCF10A,Engineered,0.1797877352,
MDAMB330,Breast Cancer,-0.4176091292,
ME180,Cervical Cancer,0.04102247258,
SUM102PT,Breast Cancer,-0.3567444151,1.659924558
SUM1315MO2,Breast Cancer,-0.4336494326,5.563463237
SUM149PT,Breast Cancer,-0.2712541186,2.873813198
SUM159PT,Breast Cancer,-0.00834370203,3.292781749
SUM185PE,Breast Cancer,-0.2955139123,3.778208576
SUM190PT,Breast Cancer,-0.7684701133,
SUM229PE,Breast Cancer,-0.6070048535,4.138323004
SUM44PE,Breast Cancer,-0.3370591594,2.553360503
SUM52PE,Breast Cancer,-0.3493604091,3.27351589
SUM225CWN,Breast Cancer,-1.35935777,
921,Eye Cancer,-0.2943561788,4.863442934
HCC1008,Breast Cancer,-0.6785082454,
MFM223,Breast Cancer,0.04530297989,3.874796966
8305C,Thyroid Cancer,-0.43948409,4.246408087
SIHA,Cervical Cancer,-0.1698481458,4.803743669
143B,Bone Cancer,-0.07980450021,4.218781168
GP2D,Colon/Colorectal Cancer,-0.534658467,5.328764672
COLO684,Endometrial/Uterine Cancer,-0.3616795514,4.99095486
NCIH1048,Lung Cancer,-0.6604162428,6.166112857
CHAGOK1,Lung Cancer,-0.2887977865,4.791293149
NCIH1568,Lung Cancer,-0.3140589676,4.822730148
HCC515,Lung Cancer,-0.681964275,5.101397952
RS411,Leukemia,-0.1099135588,3.814550423
MDAMB415,Breast Cancer,-0.3648008679,4.795974694
DBTRG05MG,Brain Cancer,-0.06380214375,4.158660175
HCC15,Lung Cancer,-0.0962266303,4.975446766
MELJUSO,Skin Cancer,-0.5932762268,5.983221651
IGR1,Skin Cancer,-0.2811544537,3.842978832
SW1783,Brain Cancer,-0.2771350121,4.498889087
MDAMB435S,Skin Cancer,-0.3558809386,4.164303583
TOV21G,Ovarian Cancer,-0.2812596906,4.756489607
SF172,Brain Cancer,-0.2295677382,3.948600847
NCIH1793,Lung Cancer,-0.01602692785,4.703211467
AGS,Gastric Cancer,-0.07643581875,5.202809492
NCIH358,Lung Cancer,0.0753060262,5.760220946
HCC1954,Breast Cancer,0.03122672245,5.657068301
KNS62,Lung Cancer,0.003231632306,3.915520901
CAL12T,Lung Cancer,-0.4410780141,4.911691582
WM793,Skin Cancer,-0.3922724844,4.341985747
HEC50B,Endometrial/Uterine Cancer,-0.1147222118,4.79753184
CAL27,Head and Neck Cancer,-0.185667582,4.535430915
NCIH322,Lung Cancer,-0.6784252181,4.701549057
AMO1,Myeloma,-0.1012259391,5.054414388
HCC366,Lung Cancer,-0.56979237,4.859472667
NCIH2087,Lung Cancer,-0.2008586519,4.590961241
SW480,Colon/Colorectal Cancer,0.1957985233,3.240314329
NCIH1373,Lung Cancer,-0.416586043,5.622051819
HGC27,Gastric Cancer,-0.01277160857,5.039577103
MDAMB468,Breast Cancer,-0.3883089374,4.713695815
MORCPR,Lung Cancer,-0.3194510594,4.635754391
NCIH1435,Lung Cancer,-0.6313870422,5.559797696
KYSE150,Esophageal Cancer,-0.4048961751,4.319762428
CAL51,Breast Cancer,-0.3009571086,5.614709844
CAL851,Breast Cancer,-0.09269723665,3.578938713
KMM1,Myeloma,-0.2465043891,5.547203025
1321N1,Brain Cancer,-0.1129555746,
SW1271,Lung Cancer,-0.3881023295,5.308521062
SNU719,Gastric Cancer,-0.3073372665,5.734167661
EFO27,Ovarian Cancer,-0.09536098954,4.872336288
NALM6,Leukemia,-0.01739999237,5.682573297
AN3CA,Endometrial/Uterine Cancer,-0.3518454278,5.338067798
RKO,Colon/Colorectal Cancer,-0.1881270164,3.956056652
NCIH650,Lung Cancer,-1.031984413,5.788424707
HEC265,Endometrial/Uterine Cancer,-0.3232373425,4.665620164
2313287,Gastric Cancer,-0.6219513029,5.069100632
MDST8,Colon/Colorectal Cancer,-0.2976739062,4.001802243
LOVO,Colon/Colorectal Cancer,-0.1429414291,4.77452353
HEC1A,Endometrial/Uterine Cancer,-0.1182432501,5.6794801
SNU407,Colon/Colorectal Cancer,-0.791714479,4.940636607
SNUC4,Colon/Colorectal Cancer,-0.4207979378,5.441948191
REH,Leukemia,-0.06030282913,5.61176256
HCT116,Colon/Colorectal Cancer,-0.3465856456,5.759155834
SNGM,Endometrial/Uterine Cancer,-0.01642352069,4.239550797
DND41,Leukemia,-0.3746323597,4.364572432
MDAPCA2B,Prostate Cancer,-0.2991424231,5.209063395
SNU1,Gastric Cancer,0.03894404242,5.195741293
HCC1569,Breast Cancer,-0.6907129741,5.097610797
NCIH2110,Lung Cancer,-0.215018999,4.71918344
WM88,Skin Cancer,-0.2509686463,4.43496176
NCIH23,Lung Cancer,-0.6033239697,4.802710219
HCC1359,Lung Cancer,-0.6012976239,5.155830172
CAL148,Breast Cancer,-0.9278582802,5.031218731
ES2,Ovarian Cancer,-0.315677435,3.929790998
SNU349,Kidney Cancer,-0.1405262707,3.415488271
JHUEM2,Endometrial/Uterine Cancer,-0.1160960748,5.20867332
MDAMB453,Breast Cancer,-0.1340763709,6.585563498
NUGC3,Gastric Cancer,-0.6516448706,3.700439718
ESS1,Endometrial/Uterine Cancer,-0.009909641138,5.167919866
IPC298,Skin Cancer,-0.633908183,4.707082992
TE4,Esophageal Cancer,-0.3095509463,4.573495715
IM95,Gastric Cancer,-0.5185921403,4.941106311
RCHACV,Leukemia,-0.384563467,5.17990909
NCIH2172,Lung Cancer,-0.04970390924,4.546585829
HT55,Colon/Colorectal Cancer,-0.2376506947,4.66106548
BT474,Breast Cancer,-0.6255473915,5.376081967
CL34,Colon/Colorectal Cancer,-0.5134477751,5.076815597
A498,Kidney Cancer,-0.1009593277,4.165107985
LCLC97TM1,Lung Cancer,-0.5016494184,5.315058966
SQ1,Lung Cancer,-0.03289255002,4.726831217
DAOY,Brain Cancer,-0.2642938001,5.118941073
CAL120,Breast Cancer,-0.05161201256,4.350497247
HUPT4,Pancreatic Cancer,-0.1775990618,4.584361253
LN382,Brain Cancer,-0.1849749457,5.054414388
JHESOAD1,Esophageal Cancer,-0.2743214506,4.240314329
JHH6,Liver Cancer,-0.4869216188,3.673556424
A375,Skin Cancer,-0.1991017029,4.744161096
CADOES1,Bone Cancer,-0.1007799661,5.759954742
ASPC1,Pancreatic Cancer,-0.277312404,4.221103725
U251MG,Brain Cancer,-0.1123389028,4.920769673
CAKI2,Kidney Cancer,-0.2428876637,4.832383717
PANC0403,Pancreatic Cancer,-0.3287977467,4.385431037
SW1417,Colon/Colorectal Cancer,-0.02261619762,5.15704371
JHOM1,Ovarian Cancer,-0.6527251012,5.435628594
SCC4,Head and Neck Cancer,-0.01106033778,3.860962798
HUG1N,Gastric Cancer,-0.1728266787,4.040892431
HCC1937,Breast Cancer,-0.1047189057,4.702103407
SNU1079,Bile Duct Cancer,0.2258965875,4.713145902
U178,Brain Cancer,-0.1434995019,4.981396032
DETROIT562,Head and Neck Cancer,-0.4715545954,4.034743949
SW579,Thyroid Cancer,-0.7614496351,4.708739041
PANC1,Pancreatic Cancer,-0.5394030082,4.157852169
NOMO1,Leukemia,-0.6183198721,4.846493316
RD,Sarcoma,-0.3163586712,5.697106574
PRECLH,Engineered,-0.1516186162,4.69543711
TM87,Rhabdoid,-0.4118613836,5.294988268
LOUNH91,Lung Cancer,-0.2069122352,5.234194723
NCIH660,Prostate Cancer,0.1583680562,5.462379572
HS766T,Pancreatic Cancer,-0.3448437603,4.040015679
L363,Myeloma,-0.3411380643,5.810186008
SCC25,Head and Neck Cancer,-0.2418800671,3.23572706
BHT101,Thyroid Cancer,-0.1171303419,4.169925001
MFE280,Endometrial/Uterine Cancer,-0.005378678619,5.271276259
HCC1599,Breast Cancer,-0.375616153,4.945326777
A204,Rhabdoid,-0.3519306443,4.694880193
COLO320,Colon/Colorectal Cancer,-0.00832835168,5.80503444
C8166,Lymphoma,-0.3354124228,5.094658343
DANG,Pancreatic Cancer,-0.2707634717,4.754353072
DKMG,Brain Cancer,-0.2047306127,4.600507645
SLR23,Kidney Cancer,0.483955766,4.902073579
OCUM1,Gastric Cancer,-0.2800622209,4.562547724
HS852T,Skin Cancer,-0.7116837823,4.596338864
HCC38,Breast Cancer,-0.1463553258,6.254367281
HCC1419,Breast Cancer,0.2390933084,6.115199749
COV362,Ovarian Cancer,-0.004195108797,4.236492618
EWS502,Bone Cancer,-0.5679428306,5.258141996
SNU840,Ovarian Cancer,0.04659062404,5.416164165
KP2,Pancreatic Cancer,0.003803532464,4.319039816
A1207,Brain Cancer,0.318088864,5.280213996
BT549,Breast Cancer,-0.1219706936,4.117695043
NCIH209,Lung Cancer,-0.1954320608,6.057883449
OV90,Ovarian Cancer,-0.5040526788,4.486714373
NCIH841,Lung Cancer,-0.5845367784,5.299391206
NB4,Leukemia,0.04072660206,4.952333566
OUMS23,Colon/Colorectal Cancer,0.1666248804,4.872336288
HNT34,Leukemia,-0.277222536,5.21490191
SLR25,Kidney Cancer,-0.532387149,3.524815928
LAMA84,Leukemia,-0.2318355368,4.810957159
SLR24,Kidney Cancer,-0.05385319899,4.122672719
CORL105,Lung Cancer,-0.08982348036,4.710944155
UACC893,Breast Cancer,-0.9144581604,4.498889087
HPAC,Pancreatic Cancer,-0.09799512278,4.933572638
AU565,Breast Cancer,-0.5099173253,6.956985925
CL11,Colon/Colorectal Cancer,-0.0223595999,4.831370588
KMRC20,Kidney Cancer,-0.3139779075,4.634593268
NCIH2887,Lung Cancer,-0.3372634588,5.187846909
COLO201,Colon/Colorectal Cancer,-0.6979253201,5.622930351
LMSU,Gastric Cancer,-0.08549634967,4.797012978
COV318,Ovarian Cancer,-0.5311443903,4.614709844
CORL279,Lung Cancer,-0.3455101946,5.980482356
DU4475,Breast Cancer,0.1638744282,5.13422094
KELLY,Neuroblastoma,-0.6252847055,5.978653265
SKNAS,Neuroblastoma,-0.09688146744,5.980482356
RERFLCAI,Lung Cancer,-0.3543597781,4.792855352
UOK101,Kidney Cancer,0.07697384102,4.906409617
KASUMI1,Leukemia,-0.7569493866,5.837186385
CALU6,Lung Cancer,-0.1406524025,4.546585829
KP4,Pancreatic Cancer,-0.7197672674,5.739848103
AM38,Brain Cancer,0.1975869836,4.682011391
SUDHL10,Lymphoma,-0.2813643064,5.393347551
BT12,Rhabdoid,-0.5324560056,4.512858954
OSRC2,Kidney Cancer,-0.09192222679,5.121429909
A4FUK,Lymphoma,-0.003343673256,5.359661722
PLB985,Leukemia,-0.2299694596,4.658211483
NCIH1650,Lung Cancer,-0.3585776866,5.021923839
U343,Brain Cancer,0.1036974294,4.71918344
SKNMC,Bone Cancer,-0.2347676405,5.584661908
RDES,Bone Cancer,-0.09037831863,5.92552477
PANC0203,Pancreatic Cancer,0.04959547102,5.231125158
MDAMB134VI,Breast Cancer,-0.794125576,5.081083929
MV411,Leukemia,-0.3587521622,4.537296067
ACHN,Kidney Cancer,-0.02270708057,4.879215637
TOV112D,Ovarian Cancer,-0.7812888934,5.933572638
HEKTE,Engineered,-0.1327079201,4.618238656
A673,Bone Cancer,-0.2305246027,5.571069998
HT1080,Sarcoma,-0.02274126493,4.748461233
D283MED,Brain Cancer,0.04797341347,6.033423002
OPM1,Myeloma,-0.3484783163,5.253989266
PANC1005,Pancreatic Cancer,-0.5448494549,5.399854674
RERFLCMS,Lung Cancer,-0.1231958577,5.016139703
PC14,Lung Cancer,-0.3263614837,4.714245518
OCIAML5,Leukemia,-0.3655339484,5.139142019
HCC827GR5,Lung Cancer,-0.3823587271,4.918386234
CH157MN,Brain Cancer,-0.04340723126,4.303050085
HL60,Leukemia,-0.8496569322,4.091699834
CACO2,Colon/Colorectal Cancer,-0.3623752579,4.669593751
HEL,Leukemia,-0.2682960913,5.003602237
HEL9217,Leukemia,-0.3267637328,5.532940288
MONOMAC6,Leukemia,-0.3440290854,5.725468513
LS513,Colon/Colorectal Cancer,-0.3133519438,4.331275267
A101D,Skin Cancer,-0.3290396648,4.255500733
C2BBE1,Colon/Colorectal Cancer,-0.1695789913,5.279842694
HCC827,Lung Cancer,-0.2366278112,4.766595162
HS294T,Skin Cancer,-0.1530966973,4.505255801
SLR21,Kidney Cancer,-0.3581496963,4.445594291
SKBR3,Breast Cancer,-0.5300939996,6.310158318
T24,Bladder Cancer,-0.2550840392,5.071247819
MCF7,Breast Cancer,0.006872065868,6.364922559
NCIH1693,Lung Cancer,-0.4169724911,5.045705065
PATU8988T,Pancreatic Cancer,-0.308794476,4.69265037
OPM2,Myeloma,-0.371685626,5.422569411
KPL1,Breast Cancer,-0.1272709072,6.172327492
SNU5,Gastric Cancer,-0.1561930347,4.90014226
HCC4006,Lung Cancer,-0.1769025325,4.979110755
697,Leukemia,-0.2775735924,5.608809243
HUPT3,Pancreatic Cancer,-0.4741746124,5.480911346
NCIH2405,Lung Cancer,-0.308594444,5.444932049
COV434,Ovarian Cancer,-0.7447192011,4.630521963
SLR20,Kidney Cancer,0.05489870605,5.94673086
LN319,Brain Cancer,-0.06010956145,5.801417366
JHOS2,Ovarian Cancer,-0.2336906972,4.92552477
HS729,Fibroblast,0.03108195552,5.409730354
CFPAC1,Pancreatic Cancer,-0.1106490788,4.884109451
PANC0327,Pancreatic Cancer,-0.3288644093,4.200064862
PFEIFFER,Lymphoma,-1.002182058,6.132165525
CAL29,Bladder Cancer,-0.1125454924,4.395748328
HCC2429,Lung Cancer,-0.1013826092,5.681730355
T47D,Breast Cancer,-0.3250389562,5.406672716
HS578T,Breast Cancer,-0.05679615606,4.375039431
SKNSH,Neuroblastoma,-0.1243646462,5.605257263
M059K,Brain Cancer,-0.5446596632,4.336997417
NCIH2052,Lung Cancer,-0.05500069757,5.518849829
EFM192A,Breast Cancer,-0.1668243955,4.266036894
HS683,Brain Cancer,-0.4219537719,5.059614856
VCAP,Prostate Cancer,-0.5478636927,5.443275112
OCIAML2,Leukemia,-0.4240988429,5.08491466
U87MG,Brain Cancer,-0.06588007245,4.665620164
ACCMESO1,Lung Cancer,-0.5873349106,3.217230716
SKES1,Bone Cancer,-0.3327448121,5.689578726
PC3,Prostate Cancer,-0.2223331281,4.397802962
NCIH2452,Lung Cancer,-0.2191188687,4.816599707
PANC0504,Pancreatic Cancer,-0.3506833078,4.831370588
HPAFII,Pancreatic Cancer,-0.146768789,4.395748328
D341,Brain Cancer,-0.3065957717,5.203984166
G401,Rhabdoid,-0.2457370866,5.740118043
ZR751,Breast Cancer,-0.6706050545,5.377817853
GAMG,Brain Cancer,-0.7134768482,4.814037648
RH41,Sarcoma,-0.3802989026,5.284662185
CAOV4,Ovarian Cancer,-0.4322164034,5.222263604
KP3,Pancreatic Cancer,-0.3785585338,4.74092756
NCIH3255,Lung Cancer,-0.08140821916,5.224194664
NCCSTCK140,Gastric Cancer,-0.3126917649,5.568944145
HCC1187,Breast Cancer,-0.4699233145,5.245267467
SU8686,Pancreatic Cancer,-0.2705585637,4.705425039
ECGI10,Esophageal Cancer,-0.01189360133,4.852498299
SS1A,Sarcoma,-0.5088635516,
EFO21,Ovarian Cancer,-0.1563038011,4.442280035
PK1,Pancreatic Cancer,-0.2964815734,4.481557281
CORL88,Lung Cancer,-0.239494092,5.92552477
NCIH1299,Lung Cancer,-0.244031389,4.974988112
OCIMY7,Myeloma,-0.272659233,4.452858965
CALU1,Lung Cancer,-0.1539316392,4.994579724
INA6,Myeloma,-0.4720525307,4.934516502
HCC33,Lung Cancer,-0.3504083615,6.414135533
NCIH1915,Lung Cancer,-0.3021501491,4.92552477
CAL33,Head and Neck Cancer,-0.4195261374,4.495695163
NCIH2030,Lung Cancer,-0.3336350964,4.482202926
NCIH1694,Lung Cancer,-0.2160671448,6.162089162
TYKNU,Ovarian Cancer,-0.5669687922,4.258518925
UMUC3,Bladder Cancer,-0.3247745065,4.736604875
A704,Kidney Cancer,-0.6032884407,3.388189537
NCIN87,Gastric Cancer,-0.1362893051,5.523248293
UACC62,Skin Cancer,-0.8458466097,4.3652726
TC71,Bone Cancer,-0.4392869771,5.496334513
SNU685,Endometrial/Uterine Cancer,-0.2364760699,5.247927513
CJM,Skin Cancer,-0.1951259867,4.323370069
SAOS2,Bone Cancer,-0.09807340368,5.736875423
769P,Kidney Cancer,-0.1298606771,4.77452353
NCIH2171,Lung Cancer,-0.3879093237,5.62935662
NCIH1944,Lung Cancer,-0.2133063825,4.263785614
NCIH146,Lung Cancer,-0.2496054504,5.213347282
BICR6,Head and Neck Cancer,-0.2383697743,3.341985747
PANC0813,Pancreatic Cancer,-0.3799887015,4.807354922
SW1353,Bone Cancer,-0.1240128267,4.965322548
KMS28BM,Myeloma,-0.4624822975,5.570159302
SNU449,Liver Cancer,-0.2180972858,5.380590934
SW837,Colon/Colorectal Cancer,-0.1484458097,5.737416366
SKMEL3,Skin Cancer,-0.3767059598,5.313608657
NCIH838,Lung Cancer,-0.2350567395,3.715893371
U937,Leukemia,0.04108474828,4.521678952
RKN,Sarcoma,-0.431456082,5.037382222
EW8,Bone Cancer,-0.1102189186,5.223808659
CAL54,Kidney Cancer,-0.445520636,5.207892852
BCPAP,Thyroid Cancer,-0.4423091687,5.443938115
LN428,Brain Cancer,-0.197820689,4.543495883
HCC95,Lung Cancer,-0.3490859872,4.821710215
CAS1,Brain Cancer,-0.1043472951,4.768184325
MELHO,Skin Cancer,-0.2576673408,4.701549057
NCIH1666,Lung Cancer,-0.2286165364,4.942983598
SNU216,Gastric Cancer,-0.3464541498,5.236875245
NCIH2228,Lung Cancer,-0.2868172814,4.771885579
SW1463,Colon/Colorectal Cancer,-0.06421247476,4.464014725
KPNSI9S,Neuroblastoma,0.08740100405,5.317955218
LI7,Liver Cancer,-0.2650227855,5.135042286
HSC2,Head and Neck Cancer,-0.3176987128,4.326968712
KNS60,Brain Cancer,-0.5507033243,4.34553831
LU99,Lung Cancer,-0.199820751,5.521364878
SH4,Skin Cancer,-0.8124011471,5.144862143
RT112,Bladder Cancer,-0.1691416371,4.8899602
NCIH1792,Lung Cancer,-0.2024245608,5.305970521
OELE,Engineered,0.04278692051,4.544114402
SNU423,Liver Cancer,-0.4898561979,4.73714592
NCIH716,Colon/Colorectal Cancer,-0.3094743531,4.389566812
LU65,Lung Cancer,-0.5087949667,4.802193217
SF767,Brain Cancer,-0.006513952888,4.872336288
TCCPAN2,Pancreatic Cancer,-0.4080429207,5.031659854
F36P,Leukemia,-0.3981395755,4.243364426
GSU,Gastric Cancer,-0.3055482856,4.791293149
VMRCRCW,Kidney Cancer,-0.1438487101,4.816599707
NCIH2170,Lung Cancer,-0.1199990404,4.751142325
HUH7,Liver Cancer,-0.0915059066,4.282439805
KNS81,Brain Cancer,0.01593549395,4.665051614
HUH1,Liver Cancer,-0.2442604836,4.221877081
KU1919,Bladder Cancer,-0.4890475183,4.778208576
ABC1,Lung Cancer,-0.09658184619,4.649040566
OVISE,Ovarian Cancer,-0.3999917776,4.898208353
DMS114,Lung Cancer,-1.304131237,5.736604875
HT1197,Bladder Cancer,-0.1034154202,4.024142346
HCC461,Lung Cancer,-0.09871364935,5.107687869
SKNFI,Neuroblastoma,-0.02370959381,6.209063395
NCIH522,Lung Cancer,-1.370967893,6.441118245
OE21,Esophageal Cancer,-0.02033396699,3.555816155
QGP1,Pancreatic Cancer,-0.1262460091,5.603774686
NCIH3122,Lung Cancer,-0.5984485289,5.622637567
RPMI7951,Skin Cancer,0.009603605252,4.619413011
HEYA8,Ovarian Cancer,-0.03754128016,3.691534165
COLO678,Colon/Colorectal Cancer,-0.3523241102,5.672425342
MKN1,Gastric Cancer,-0.4396320723,4.408711861
HCC1428,Breast Cancer,-0.3878630812,6.165710992
TE15,Esophageal Cancer,0.03274816986,4.563768278
MKN45,Gastric Cancer,-0.2033749239,5.397460726
HCC1500,Breast Cancer,-0.6093585273,5.891419187
OCIAML3,Leukemia,-0.4996135768,5.0721058
DB,Lymphoma,-0.4234936041,7.251150991
EFM19,Breast Cancer,-0.4025448928,4.474436043
HT29,Colon/Colorectal Cancer,-0.226438535,5.862451391
NCIH2122,Lung Cancer,-0.6757540583,4.626439137
SKNBE2,Neuroblastoma,-0.4437674786,5.879215637
KARPAS422,Lymphoma,-0.7450295304,8.260778432
SNU886,Liver Cancer,-0.3585175748,4.813011549
K562,Leukemia,-0.2474130856,4.899659026
TE10,Esophageal Cancer,-0.285688342,4.448900951
MPP89,Lung Cancer,-0.2235827145,4.06608919
PSN1,Pancreatic Cancer,-0.07087945364,4.61999983
IGR39,Skin Cancer,-0.0404021649,4.963011648
HT144,Skin Cancer,-0.3718947016,4.924099886
JHOC5,Ovarian Cancer,-0.1785284736,4.507160349
NCIH1395,Lung Cancer,-0.4217633739,3.947666157
LN215,Brain Cancer,-0.349262438,5.143230135
BHY,Head and Neck Cancer,-0.02090064517,5.017476563
K029AX,Skin Cancer,-0.4865608018,5.059182199
HUTU80,Gastric Cancer,-0.5916131741,5.445594291
KMS34,Myeloma,-0.4204458204,5.583158004
NCIH647,Lung Cancer,0.0272157422,4.707082992
KMS12BM,Myeloma,-0.3809227862,4.550285049
WSUDLCL2,Lymphoma,-0.6632104244,5.848247353
OE33,Esophageal Cancer,-0.3044723449,4.389566812
SW780,Bladder Cancer,-0.01256971661,5.502075956
SKRC20,Kidney Cancer,-0.1714530485,4.416839742
LUDLU1,Lung Cancer,-0.1510363492,4.926948248
MHHES1,Bone Cancer,-0.1783794138,5.941575862
NCIH2004RT,Rhabdoid,-0.5341082443,4.765004246
SNU61,Colon/Colorectal Cancer,-0.1911476266,4.110196178
CALU3,Lung Cancer,-0.5362548594,3.624100895
HLF,Liver Cancer,-0.4661856172,4.915998852
NCIH520,Lung Cancer,0.004770019249,5.396776011
TEN,Endometrial/Uterine Cancer,-0.1178173424,5.506843099
SKCO1,Colon/Colorectal Cancer,-0.3879663191,5.142413438
COLO800,Skin Cancer,-0.2960970267,4.589164237
SF295,Brain Cancer,-0.08079673649,4.821199978
G402,Kidney Cancer,-0.5076767973,5.250961574
NCIH460,Lung Cancer,-0.2122868427,4.325530332
RL,Lymphoma,-0.1205425003,6.358255587
NCIH508,Colon/Colorectal Cancer,-0.4242257882,4.817111573
SKHEP1,Liver Cancer,-0.289284568,4.776630423
SNU761,Liver Cancer,-0.3580883855,4.018812186
BT20,Breast Cancer,-0.445947698,4.890446693
SKMM2,Myeloma,-0.3327158815,4.885086225
HCC1143,Breast Cancer,-0.1906613346,5.510329019
SUDHL4,Lymphoma,-0.2945738852,5.810443104
U2OS,Bone Cancer,-0.3180587635,5.650190123
SNU1105,Brain Cancer,-0.2105282838,4.502075956
MOLM16,Leukemia,-0.6491373483,4.903520374
BXPC3,Pancreatic Cancer,-0.3256129295,4.154615611
SKNDZ,Neuroblastoma,-0.643175606,6.014132087
TE11,Esophageal Cancer,0.05137624137,4.484138131
SNU1076,Head and Neck Cancer,-0.2604511621,4.341274184
U118MG,Brain Cancer,-0.06004041088,5.191799501
TUHR4TKB,Kidney Cancer,0.1556388403,4.807354922
SKNO1,Leukemia,-0.0973166557,6.122258568
TE1,Esophageal Cancer,-0.1043954244,4.165911939
KE39,Gastric Cancer,-0.1295822448,4.378511623
MIAPACA2,Pancreatic Cancer,-0.3737555532,4.263034406
PECAPJ34CLONEC12,Head and Neck Cancer,-0.1968912776,3.929790998
FADU,Head and Neck Cancer,-0.0005540676797,5.417515003
MKN7,Gastric Cancer,-0.1972057985,4.363171077
HOP62,Lung Cancer,-0.1337258281,4.769242795
KM12,Colon/Colorectal Cancer,-0.2439262887,4.577730931
IGROV1,Ovarian Cancer,-0.7447574592,5.083638879
CCK81,Colon/Colorectal Cancer,-0.8368002186,4.723012396
OC314,Ovarian Cancer,-0.2655191693,4.584962501
KYSE450,Esophageal Cancer,-0.17554155,4.790772038
SNU8,Ovarian Cancer,-0.2814743061,4.725741157
SW48,Colon/Colorectal Cancer,-0.09858250067,5.194953796
KALS1,Brain Cancer,-0.1285602141,4.252476214
MFE296,Endometrial/Uterine Cancer,0.04355139462,5.649615459
SUPT1,Leukemia,-0.6649991063,6.077456652
CAKI1,Kidney Cancer,0.01948573446,4.931210275
KYSE180,Esophageal Cancer,-0.138103305,4.886550147
NCIH2009,Lung Cancer,-0.2929919404,5.328405659
MDAMB361,Breast Cancer,-0.8943630849,6.364047084
NCIH1339,Lung Cancer,0.03146123858,4.816599707
NCIH1573,Lung Cancer,-0.1735508838,5.708187236
NCIH2286,Lung Cancer,-0.4293742576,5.489286023
EFE184,Endometrial/Uterine Cancer,-0.3601280614,3.858975614
HCC2450,Lung Cancer,-0.3647530674,4.63691458
SW1990,Pancreatic Cancer,-0.07834170444,4.23572706
EN,Endometrial/Uterine Cancer,0.01954329193,5.333781501
TE8,Esophageal Cancer,-0.5983017715,4.733896605
TUHR14TKB,Kidney Cancer,-0.1823263752,5.389222616
NCIH1355,Lung Cancer,-0.2163359934,5.529196268
HCC70,Breast Cancer,-0.5833403512,4.584361253
THP1,Leukemia,-0.2655269065,5.199672345
LXF289,Lung Cancer,-0.234631765,5.19061486
HCT15,Colon/Colorectal Cancer,0.1652446772,5.265661925
ZR7530,Breast Cancer,-0.6052606022,4.910732662
HEC59,Endometrial/Uterine Cancer,-0.3264467271,5.41040895
LNCAPCLONEFGC,Prostate Cancer,-0.3402470057,5.008540672
KPNYN,Neuroblastoma,-0.4665421905,6.090218302
NCIH727,Lung Cancer,-0.150123046,4.048759312
JHH7,Liver Cancer,-0.14349241,5.593054922
HT115,Colon/Colorectal Cancer,-0.64025581,4.140778656
NCIH661,Lung Cancer,-0.642997703,5.485748821
HEC6,Endometrial/Uterine Cancer,-0.2168167638,5.651338766
LN443,Brain Cancer,-0.7005243751,4.807354922
NCIH1155,Lung Cancer,-0.000603331694,5.554281863
DU145,Prostate Cancer,-0.4043837371,
RH30,Sarcoma,-0.250625077,4.698774109
NCIH1581,Lung Cancer,-0.4913043179,5.638653116
A427,Lung Cancer,0.002347208093,5.320123598
WM115,Skin Cancer,-0.4644243309,4.642701572
MOLM13,Leukemia,-0.6063605256,4.266786541
TUHR10TKB,Kidney Cancer,-0.1450563567,4.137503524
KURAMOCHI,Ovarian Cancer,-0.2743170432,4.288358562
DLD1,Colon/Colorectal Cancer,-0.05985390014,4.095080492
OVTOKO,Ovarian Cancer,-0.3148473567,3.627606838
CW2,Colon/Colorectal Cancer,-0.9599022758,4.754887502
HEC251,Endometrial/Uterine Cancer,-0.05417500238,4.410748128
SNU81,Colon/Colorectal Cancer,-0.4383460224,5.642990313
MFE319,Endometrial/Uterine Cancer,-0.5831401439,4.381283373
NCIH747,Colon/Colorectal Cancer,-0.2499728518,5.085764554
MEWO,Skin Cancer,-0.3590338148,5.483493351
SUDHL6,Lymphoma,-0.951532155,6.323189901
SW1088,Brain Cancer,-0.3910772579,4.56315813
SNUC2A,Colon/Colorectal Cancer,-0.4186474283,5.92552477
ISHIKAWAHERAKLIO02ER,Endometrial/Uterine Cancer,-0.08089868935,5.131754091
LS180,Colon/Colorectal Cancer,-0.5302057456,4.648465443
22RV1,Prostate Cancer,-0.4417322295,5.255500733
LS411N,Colon/Colorectal Cancer,-0.1106778325,4.387500406
RL952,Endometrial/Uterine Cancer,-0.1872434486,4.773468928